Semana,Fase,Tema,Objetivos,Marco do projeto,Critério de pronto,Artefatos de liderança,Checkpoint de revisão,Horas técnicas,Horas de inglês,% prática (técnico),Horas por trilha
1,Fase 0: diagnóstico e fundação,Diagnóstico I + setup do ambiente,Medir o nível em todos os grupos; montar ambiente com controle de custo; primeira visão do domínio.,"Repositório 'leaveflow' criado (monorepo vazio com docs/), projeto GCP com alertas de orçamento.",17 exercícios de diagnóstico feitos e registrados na aba Diagnóstico; plano ajustado v1 escrito.,"Revisão de PR (D13), design doc de 1 página (D14), plano ajustado v1.",—,24,6,92%,"T00 16h; T06 1,5h; T14 1h; T15 4,5h; T16 1h"
2,Fase 0: diagnóstico e fundação,Diagnóstico complementar + fundamentos personalizados,Refazer exercícios fracos/inconclusivos; reforçar fundamentos conforme o diagnóstico; modelar o domínio e o plano do projeto.,"Design doc #1 do LeaveFlow, glossário e context map preliminar.","Badge de Cloud Run iniciado/concluído, design doc #1 revisado, registro de riscos v0.","Design doc #1, registro de riscos, plano de comunicação.",—,24,6,83%,FLEX 1h; T00 2h; T01 5h; T02 2h; T06 3h; T07 5h; T14 1h; T15 4h; T16 1h
3,Fase 1: fundamentos e primeiro serviço,Serviço 'legado' em Python + modelagem v1 + dados fictícios,Construir o sistema legado de propósito simples (será migrado na semana 11); Python e Postgres na prática; classificação de dados desde o dia 1.,"intake-legacy (FastAPI + Postgres) com testes, rodando em Docker.","POST/GET de casos, migrações, seeds fictícios, cobertura ≥70%, logs sem PHI, docker compose up funcionando.","Design doc #2 (por que o legado é assim), retro + update semanal.",—,24,6,77%,"FLEX 1h; T01 4,5h; T02 7,5h; T06 1h; T07 1,5h; T08 4h; T13 1h; T14 1h; T15 2,5h"
4,Fase 1: fundamentos e primeiro serviço,Go essencial + endpoint idempotente persistido + Checkpoint 1,Ganhar fluência em Go; implementar idempotência de verdade com Postgres; primeiro checkpoint.,case-service v0 (Go) com POST idempotente persistido e GET paginado.,go test -race verde com 50 requisições concorrentes; ADR-001; demo de 3 min gravada.,"ADR-001, checkpoint 1 (matriz + replanejamento).",Sim: Matriz + horas reais + replanejamento,24,6,83%,"FLEX 1h; T01 9,5h; T02 3h; T03 4h; T04 1h; T08 2h; T14 1h; T15 2,5h"
5,Fase 1: fundamentos e primeiro serviço,"CI/CD, Cloud Run, Cloud SQL, staging e produção","Colocar os 2 serviços em staging/produção com pipeline, segredos e custo sob controle.",Pipeline Cloud Build: lint → testes → build → deploy staging; prd por tag com aprovação.,Release v0.1.0 em prd; rollback testado; ADR-002 (topologia); custo diário anotado.,"ADR-002, runbook de release, update + registro de riscos.",—,24,6,83%,"FLEX 1h; T07 14,5h; T08 5h; T14 1h; T15 2,5h"
6,Fase 1: fundamentos e primeiro serviço,"APIs, webhooks e kit de integração + TypeScript",Criar a base reutilizável para as 20+ integrações; contratos tipados; primeira simulação de júnior.,Kit de integração (Go e Python) + receptor de webhooks genérico + cliente TS gerado do OpenAPI.,Teste de caos com provedor fake (30% erros/429) sem efeitos duplicados; PR do júnior revisado.,"Design doc #3 (padrão de integração), revisão de PR do júnior #1.",—,24,6,77%,"FLEX 1h; T01 4h; T02 3h; T03 11,5h; T13 1h; T14 1h; T15 2,5h"
7,"Fase 2: event-driven, domínio e workflows",DDD estratégico/tático + Clean Architecture + testes de arquitetura,Definir bounded contexts e o modelo de domínio novo; impor camadas com testes de arquitetura no CI.,case-service reorganizado (domain/app/adapters) com agregado Case e eventos de domínio.,Context map + Bounded Context Canvas; testes de arquitetura quebrando o build em violação.,"ADR-003 (limites e o que NÃO separar), 1:1 simulado com o júnior.",—,24,6,73%,"FLEX 1h; T06 16,5h; T14 4h; T15 2,5h"
8,"Fase 2: event-driven, domínio e workflows",Transactional outbox + Pub/Sub + consumidores idempotentes + Checkpoint 2,Publicar eventos de domínio com garantia e consumir sem duplicar efeitos; DLQ e reprocessamento.,Outbox + relay (SKIP LOCKED) → Pub/Sub; consumidor idempotente; DLQ com CLI de reprocessamento.,Teste prova atomicidade (rollback não publica); poison message vai para DLQ; checkpoint 2 feito.,"Postmortem simulado #1, checkpoint 2 com comunicação de risco.",Sim: Matriz + horas reais + replanejamento,24,6,75%,"FLEX 1h; T04 13,5h; T07 3h; T08 3h; T14 1h; T15 2,5h"
9,"Fase 2: event-driven, domínio e workflows",Temporal: fundamentos e workflow CaseLifecycle v1,"Dominar o modelo de execução durável; workflow com sinais, timers e activities idempotentes.",orchestrator (Go) com CaseLifecycle v1 + ponte Pub/Sub → sinal; worker Python esqueleto.,Temporal 101/102 concluídos; testes de workflow e replay passando.,"Design doc #4 (CaseLifecycle), plano quinzenal com trade-offs.",—,24,6,88%,"FLEX 1h; T04 1h; T05 18,5h; T14 1h; T15 2,5h"
10,"Fase 2: event-driven, domínio e workflows","Sagas, CQRS e projeções; versionamento de workflows","Compensações confiáveis, read models alimentados por eventos e evolução segura de workflows em execução.",Saga com compensações; projeções case_summary e ops_queue_view com rebuild; versionamento aplicado.,Teste de falha em cada passo da saga; rebuild = estado incremental; replay antes/depois do patch.,"ADR-004 (CQRS onde paga), mensagem de desbloqueio ao júnior.",—,24,6,81%,"FLEX 1h; T05 9,5h; T06 7h; T07 3h; T14 1h; T15 2,5h"
11,"Fase 2: event-driven, domínio e workflows","Migração do modelo legado para o novo, lado a lado","Executar uma migração real em estilo strangler fig: eventos do legado, backfill, shadow read, cutover por coorte e rollback.",Legado emitindo eventos; backfill idempotente; comparador de paridade; roteamento por feature flag.,100% em staging e 10% em prd com paridade ≥99% nos campos críticos; runbook de cutover/rollback ensaiado.,"Plano de iniciativa grande (formato 60 dias), premortem, status report para stakeholders.",—,24,6,85%,"FLEX 1h; T06 13,5h; T08 3h; T09 2h; T14 1h; T15 3,5h"
12,"Fase 3: integrações, pagamentos, Ops e IA","Stripe I: checkout, webhooks e PaymentConfirmed + Checkpoint 3","Pagamento integrado de ponta a ponta com idempotência, ordem de eventos tratada e estorno como compensação.","billing (Go): Checkout Session, webhook assinado com inbox, PaymentConfirmed → saga.",Webhook duplicado não duplica efeito; evento fora de ordem tratado; estorno de teste na saga; checkpoint 3.,"Design doc #5 (pagamentos e modos de falha), checkpoint 3.",Sim: Matriz + horas reais + replanejamento,24,6,77%,"FLEX 1h; T08 6h; T10 12,5h; T13 1h; T14 1h; T15 2,5h"
13,"Fase 3: integrações, pagamentos, Ops e IA","Stripe II: assinaturas, dunning, portal, upsell e reconciliação",Cobrir o ciclo de vida da assinatura e garantir que dinheiro e casos batem.,"Ciclo de assinatura com test clocks, portal do cliente, add-on de upsell, job de reconciliação.",3 discrepâncias plantadas detectadas e corrigidas; release v0.4 com pagamentos/assinaturas.,"Runbook de discrepância, resposta ao pedido do Head of Growth.",—,24,6,88%,"FLEX 1h; T09 6h; T10 10,5h; T13 3h; T14 1h; T15 2,5h"
14,"Fase 3: integrações, pagamentos, Ops e IA","Airtable I: observar Ops, Single Queue e projeção de saída","Tratar Ops como cliente; projetar casos na Single Queue respeitando rate limits, cota e integridade de campos.","Base Single Queue + ops-sync (Python) projetando eventos com rate limit, validação e anexos.",Caso aparece na Single Queue com anexo em <1 min; burst de 200 casos respeita 5 req/s; mapeamento validado no CI.,"Mapa as-is + job stories, ADR-005, mensagem de alinhamento com Ops.",—,24,6,79%,"FLEX 1h; T08 3h; T10 14,5h; T14 1h; T15 2,5h; T16 2h"
15,"Fase 3: integrações, pagamentos, Ops e IA","Airtable II: mudanças de Ops, replays seguros e recuperação",Fechar o ciclo bidirecional sem nunca sobrescrever edições manuais; recuperar caso a caso.,Entrada via automação → endpoint assinado; propriedade por campo; CLI de replay; reconciliação diária.,Teste de edição concorrente passa; game day recuperado; release v0.5 com métrica antes/depois.,"Runbook de recuperação, postmortem do game day com 3 correções sistêmicas.",—,24,6,88%,"FLEX 1h; T08 4h; T09 4h; T10 11,5h; T14 1h; T15 2,5h"
16,"Fase 3: integrações, pagamentos, Ops e IA","AI Form Filler I: extração, evals e privacidade + Checkpoint 4",Extrair dados de documentos com qualidade medida; decidir Document AI × Gemini com dados.,form-filler (Python): extração A (Document AI) e B (Gemini) + harness de evals + activity no workflow.,Métricas por campo publicadas; fallback para revisão humana abaixo do limiar; checkpoint 4.,"ADR-006, brief de delegação do Form Filler ao júnior, checkpoint 4.",Sim: Matriz + horas reais + replanejamento,24,6,83%,"FLEX 1h; T05 3h; T11 15,5h; T13 1h; T14 1h; T15 2,5h"
17,"Fase 3: integrações, pagamentos, Ops e IA",AI Form Filler II: human-in-the-loop e melhoria contínua,Revisão humana integrada ao workflow; ciclo de feedback que melhora métricas de forma comprovada.,"Fila de revisão (workflow + console Next.js), análise de erros, PDF preenchido, trilha de auditoria.",Métrica do eval melhora após ajustes (antes/depois documentado); e2e completo verde; release v0.6.,"Doc 'onde falhou, o que aprendi', revisão de PR do júnior #3.",—,24,6,88%,"FLEX 1h; T08 3h; T11 11,5h; T12 4h; T14 1h; T15 3,5h"
18,"Fase 4: confiabilidade, dados e compliance",Observabilidade de ponta a ponta e SLOs,Enxergar um caso atravessando todos os serviços; alertar pelo que importa ao negócio; testar capacidade.,"Tracing distribuído (HTTP + Pub/Sub + Temporal), SLOs com alertas de burn rate, dashboards, teste de carga.",Trace de um caso em 5 serviços; bug sutil achado só com logs/traces; relatório de capacidade.,"Runbooks por alerta, relatório de confiabilidade.",—,24,6,81%,"FLEX 1h; T08 19,5h; T14 1h; T15 2,5h"
19,"Fase 4: confiabilidade, dados e compliance","Dados: BigQuery, dbt, qualidade e BI","Camada analítica confiável: eventos no BigQuery, marts testados, reconciliação e decisões com dados.",Pub/Sub → BigQuery; dbt (staging → marts) com testes; dashboard Looker Studio; memo de decisão.,Testes de qualidade verdes no CI; incidente de dados plantado detectado e corrigido.,"Contrato de dados, relatório para stakeholders.",—,24,6,92%,"FLEX 1h; T09 19,5h; T14 1h; T15 2,5h"
20,"Fase 4: confiabilidade, dados e compliance",Segurança e compliance estilo HIPAA + game day geral + Checkpoint 5,"Controles de dados sensíveis por padrão e resposta a incidente sozinho, com correções sistêmicas.","Threat model, IAM mínimo, RBAC, trilha de auditoria, pseudonimização, guardrails de agentes para dados sensíveis.",Auditoria de acesso demonstrada; game day resolvido com postmortem; checkpoint 5.,"Política de tratamento de dados, checklist de PR de dados sensíveis, postmortem.",Sim: Matriz + horas reais + replanejamento,24,6,85%,"FLEX 1h; T08 7h; T13 12,5h; T14 1h; T15 2,5h"
21,"Fase 5: growth, consolidação e candidatura","Growth I: funil Next.js, experimento A/B e tracking",Construir o funil e um experimento confiável com eventos client e server-side.,"web/: intake multi-etapas, página de preço com A/B, dataLayer → GTM → GA4, conversões server-side.",Eventos no GA4 DebugView; purchase server-side deduplicado; variantes estáveis.,"Brief do experimento com Growth, alinhamento sobre limites de atribuição.",—,24,6,83%,"FLEX 1h; T12 19,5h; T14 1h; T15 2,5h"
22,"Fase 5: growth, consolidação e candidatura","Growth II: análise do experimento, upsell e full stack","Analisar com rigor, decidir com dados, comprar × construir; polir o full stack.","Análise do experimento (SRM, IC), experimento de upsell, e2e Playwright, adapter Healthie/Cognito.",Memo de decisão publicado; release v0.8 de Growth.,"Relatório do experimento, priorização de pedidos conflitantes Growth × Ops.",—,24,6,88%,"FLEX 1h; T09 5h; T10 4h; T12 10,5h; T14 1h; T15 2,5h"
23,"Fase 5: growth, consolidação e candidatura","Avaliação de lacunas, correções sistêmicas e narrativa do sistema","Fazer com o próprio projeto o que a vaga pede em 30/60 dias: avaliar lacunas, corrigir o mais importante e explicar o sistema.",Avaliação de lacunas + 3 correções sistêmicas + doc/vídeo 'como um caso flui' + portfólio.,Avaliação publicada; 3 correções em prd; walkthrough de 5 min; README de portfólio.,"Avaliação de lacunas, onboarding doc, retrospectiva.",—,24,6,92%,FLEX 1h; T01 3h; T06 3h; T08 6h; T14 1h; T15 6h; T18 4h
24,"Fase 5: growth, consolidação e candidatura",Prontidão para candidatura + Checkpoint 6,"Fechar o projeto, finalizar respostas e vídeo, simular entrevistas e começar a aplicar para vagas intermediárias.","LeaveFlow v1.0 com tag, custos desligados, portfólio publicado.","7 respostas finais, vídeo Q5 ≤3 min, 3+ mocks feitos, 3-5 candidaturas piloto enviadas, checkpoint 6.","Plano 30-60-90 pessoal, checkpoint 6, análise de distância atualizada.",Sim: Matriz + horas reais + replanejamento,24,6,96%,"FLEX 1h; T01 4h; T14 3h; T15 2,5h; T18 13,5h"
